{
  "ciudad": {
    "precision": 0.7333333333333333,
    "recall": 0.7096774193548387,
    "f1-score": 0.7213114754098361,
    "support": 31,
    "confused_with": {
      "nombre": 2
    }
  },
  "nombre": {
    "precision": 0.9,
    "recall": 0.6428571428571429,
    "f1-score": 0.75,
    "support": 28,
    "confused_with": {
      "ciudad": 2
    }
  },
  "micro avg": {
    "precision": 0.8,
    "recall": 0.6779661016949152,
    "f1-score": 0.7339449541284404,
    "support": 59
  },
  "macro avg": {
    "precision": 0.8166666666666667,
    "recall": 0.6762672811059909,
    "f1-score": 0.735655737704918,
    "support": 59
  },
  "weighted avg": {
    "precision": 0.8124293785310734,
    "recall": 0.6779661016949152,
    "f1-score": 0.7349263684356766,
    "support": 59
  }
}